source,out,width,height,alt
Gemini_Generated_Image_2d2hfj2d2hfj2d2h.png,itstitaniun-egg-release-1200.webp,1200,900,Scrambled eggs sliding from a nonstick skillet with a silicone spatula
Gemini_Generated_Image_2sutnh2sutnh2sut.png,itstitaniun-tldr-flatlay-1200.webp,1200,800,Flat lay: nonstick skillet with silicone spatula thermometer and sponge
Gemini_Generated_Image_2y3psj2y3psj2y3p.png,itstitaniun-care-cleaning-1400.webp,1400,788,Stacked nonstick pans stored with protectors in a cabinet
Gemini_Generated_Image_33u3x633u3x633u3.png,itstitaniun-scratch-resistance-1200.webp,1200,800,Abstract particles illustrating reinforced nonstick surface
Gemini_Generated_Image_3bcdfr3bcdfr3bcd.png,itstitaniun-delicate-fish-1200.webp,1200,800,Salmon fillet releasing cleanly from a nonstick skillet
Gemini_Generated_Image_3eiyd93eiyd93eiy.png,itstitaniun-induction-disk-1200.webp,1200,800,Macro of a pan’s stainless induction base disk
Gemini_Generated_Image_4xkfri4xkfri4xkf.png,itstitaniun-cta-counter-1400.webp,1400,788,Minimal white counter with skillet edge and utensils
Gemini_Generated_Image_7jwonz7jwonz7jwo.png,itstitaniun-hero-pans-1600.webp,1600,900,Two pans simmering on a black induction cooktop with soft steam
Gemini_Generated_Image_7jwonz7jwonz7jwo.png,itstitaniun-hero-pans-1200.webp,1200,900,Two pans simmering on a black induction cooktop with soft steam
Gemini_Generated_Image_7jwonz7jwonz7jwo.png,itstitaniun-hero-pans-800.webp,800,900,Two pans simmering on a black induction cooktop with soft steam
Gemini_Generated_Image_7jwonz7jwonz7jwo.png,itstitaniun-hero-og-1200x630.webp,1200,630,Two pans on a dark induction cooktop — social share crop
Gemini_Generated_Image_e59cd3e59cd3e59c.png,itstitaniun-even-browning-1200.webp,1200,800,Overhead pancake showing even browning across the pan surface
Gemini_Generated_Image_e9jqg1e9jqg1e9jq.png,itstitaniun-oven-safe-1400.webp,1400,788,Nonstick pan with silicone handle on an oven rack
Gemini_Generated_Image_fdz2xqfdz2xqfdz2.png,itstitaniun-coating-cutaway-1200.webp,1200,900,Exploded cutaway of aluminum body induction disk and titanium-reinforced layers
Gemini_Generated_Image_mrcwfxmrcwfxmrcw.png,itstitaniun-magnet-test-1200.webp,1200,800,Magnet sticking to a pan’s stainless base to check induction compatibility
Gemini_Generated_Image_nwi6wmnwi6wmnwi6.png,itstitaniun-rim-comparison-1200.webp,1200,900,Macro of two pan rims showing material differences
Gemini_Generated_Image_ol3fa1ol3fa1ol3f.png,itstitaniun-compare-banner-1800.webp,1800,600,Abstract dark banner with mint and aqua light sweep
Gemini_Generated_Image_om82znom82znom82.png,itstitaniun-weight-balance-1200.webp,1200,900,Side view of skillet balanced near the handle on fingertips
Gemini_Generated_Image_q5c5y5q5c5y5q5c5.png,itstitaniun-cleaning-tools-1200.webp,1200,1200,Top-down grid of gentle cleaning tools for nonstick cookware
Gemini_Generated_Image_xbjotcxbjotcxbjo.png,itstitaniun-handle-detail-1200.webp,1200,1200,Close-up of a riveted stainless pan handle
Gemini_Generated_Image_xt8vohxt8vohxt8v.png,itstitaniun-portable-induction-1400.webp,1400,788,Compact induction burner with skillet cooking vegetables
